[
{"date": "05-08-2022", "home_team": "Crystal Palace", "score": "0 - 2", "away_team": "Arsenal"},
{"date": "13-08-2022", "home_team": "Arsenal", "score": "4 - 2", "away_team": "Leicester"},
{"date": "20-08-2022", "home_team": "Bournemouth", "score": "0 - 3", "away_team": "Arsenal"},
{"date": "27-08-2022", "home_team": "Arsenal", "score": "2 - 1", "away_team": "Fulham"},
{"date": "31-08-2022", "home_team": "Arsenal", "score": "2 - 1", "away_team": "Aston Villa"},
{"date": "04-09-2022", "home_team": "Man United", "score": "3 - 1", "away_team": "Arsenal"},
{"date": "18-09-2022", "home_team": "Brentford", "score": "0 - 3", "away_team": "Arsenal"},
{"date": "01-10-2022", "home_team": "Arsenal", "score": "3 - 1", "away_team": "Tottenham"},
{"date": "09-10-2022", "home_team": "Arsenal", "score": "3 - 2", "away_team": "Liverpool"},
{"date": "16-10-2022", "home_team": "Leeds", "score": "0 - 1", "away_team": "Arsenal"},
{"date": "23-10-2022", "home_team": "Southampton", "score": "1 - 1", "away_team": "Arsenal"},
{"date": "30-10-2022", "home_team": "Arsenal", "score": "5 - 0", "away_team": "Nott'm Forest"},
{"date": "06-11-2022", "home_team": "Chelsea", "score": "0 - 1", "away_team": "Arsenal"},
{"date": "12-11-2022", "home_team": "Wolves", "score": "0 - 2", "away_team": "Arsenal"},
{"date": "26-12-2022", "home_team": "Arsenal", "score": "3 - 1", "away_team": "West Ham"},
{"date": "31-12-2022", "home_team": "Brighton", "score": "2 - 4", "away_team": "Arsenal"},
{"date": "03-01-2023", "home_team": "Arsenal", "score": "0 - 0", "away_team": "Newcastle"},
{"date": "15-01-2023", "home_team": "Tottenham", "score": "0 - 2", "away_team": "Arsenal"},
{"date": "22-01-2023", "home_team": "Arsenal", "score": "3 - 2", "away_team": "Man United"},
{"date": "04-02-2023", "home_team": "Everton", "score": "1 - 0", "away_team": "Arsenal"},
{"date": "11-02-2023", "home_team": "Arsenal", "score": "1 - 1", "away_team": "Brentford"},
{"date": "15-02-2023", "home_team": "Arsenal", "score": "1 - 3", "away_team": "Man City"},
{"date": "18-02-2023", "home_team": "Aston Villa", "score": "2 - 4", "away_team": "Arsenal"},
{"date": "25-02-2023", "home_team": "Leicester", "score": "0 - 1", "away_team": "Arsenal"},
{"date": "01-03-2023", "home_team": "Arsenal", "score": "4 - 0", "away_team": "Everton"},
{"date": "04-03-2023", "home_team": "Arsenal", "score": "3 - 2", "away_team": "Bournemouth"},
{"date": "12-03-2023", "home_team": "Fulham", "score": "0 - 3", "away_team": "Arsenal"},
{"date": "19-03-2023", "home_team": "Arsenal", "score": "4 - 1", "away_team": "Crystal Palace"},
{"date": "01-04-2023", "home_team": "Arsenal", "score": "4 - 1", "away_team": "Leeds"},
{"date": "09-04-2023", "home_team": "Liverpool", "score": "2 - 2", "away_team": "Arsenal"},
{"date": "16-04-2023", "home_team": "West Ham", "score": "2 - 2", "away_team": "Arsenal"},
{"date": "21-04-2023", "home_team": "Arsenal", "score": "3 - 3", "away_team": "Southampton"},
{"date": "26-04-2023", "home_team": "Man City", "score": "4 - 1", "away_team": "Arsenal"},
{"date": "02-05-2023", "home_team": "Arsenal", "score": "3 - 1", "away_team": "Chelsea"},
{"date": "07-05-2023", "home_team": "Newcastle", "score": "0 - 2", "away_team": "Arsenal"},
{"date": "14-05-2023", "home_team": "Arsenal", "score": "0 - 3", "away_team": "Brighton"},
{"date": "20-05-2023", "home_team": "Nott'm Forest", "score": "1 - 0", "away_team": "Arsenal"},
{"date": "28-05-2023", "home_team": "Arsenal", "score": "5 - 0", "away_team": "Wolves"},
{"date": "06-08-2022", "home_team": "Bournemouth", "score": "2 - 0", "away_team": "Aston Villa"},
{"date": "13-08-2022", "home_team": "Aston Villa", "score": "2 - 1", "away_team": "Everton"},
{"date": "20-08-2022", "home_team": "Crystal Palace", "score": "3 - 1", "away_team": "Aston Villa"},
{"date": "28-08-2022", "home_team": "Aston Villa", "score": "0 - 1", "away_team": "West Ham"},
{"date": "31-08-2022", "home_team": "Arsenal", "score": "2 - 1", "away_team": "Aston Villa"},
{"date": "03-09-2022", "home_team": "Aston Villa", "score": "1 - 1", "away_team": "Man City"},
{"date": "16-09-2022", "home_team": "Aston Villa", "score": "1 - 0", "away_team": "Southampton"},
{"date": "02-10-2022", "home_team": "Leeds", "score": "0 - 0", "away_team": "Aston Villa"},
{"date": "10-10-2022", "home_team": "Nott'm Forest", "score": "1 - 1", "away_team": "Aston Villa"},
{"date": "16-10-2022", "home_team": "Aston Villa", "score": "0 - 2", "away_team": "Chelsea"},
{"date": "20-10-2022", "home_team": "Fulham", "score": "3 - 0", "away_team": "Aston Villa"},
{"date": "23-10-2022", "home_team": "Aston Villa", "score": "4 - 0", "away_team": "Brentford"},
{"date": "29-10-2022", "home_team": "Newcastle", "score": "4 - 0", "away_team": "Aston Villa"},
{"date": "06-11-2022", "home_team": "Aston Villa", "score": "3 - 1", "away_team": "Man United"},
{"date": "13-11-2022", "home_team": "Brighton", "score": "1 - 2", "away_team": "Aston Villa"},
{"date": "26-12-2022", "home_team": "Aston Villa", "score": "1 - 3", "away_team": "Liverpool"},
{"date": "01-01-2023", "home_team": "Tottenham", "score": "0 - 2", "away_team": "Aston Villa"},
{"date": "04-01-2023", "home_team": "Aston Villa", "score": "1 - 1", "away_team": "Wolves"},
{"date": "13-01-2023", "home_team": "Aston Villa", "score": "2 - 1", "away_team": "Leeds"},
{"date": "21-01-2023", "home_team": "Southampton", "score": "0 - 1", "away_team": "Aston Villa"},
{"date": "04-02-2023", "home_team": "Aston Villa", "score": "2 - 4", "away_team": "Leicester"},
{"date": "12-02-2023", "home_team": "Man City", "score": "3 - 1", "away_team": "Aston Villa"},
{"date": "18-02-2023", "home_team": "Aston Villa", "score": "2 - 4", "away_team": "Arsenal"},
{"date": "25-02-2023", "home_team": "Everton", "score": "0 - 2", "away_team": "Aston Villa"},
{"date": "04-03-2023", "home_team": "Aston Villa", "score": "1 - 0", "away_team": "Crystal Palace"},
{"date": "12-03-2023", "home_team": "West Ham", "score": "1 - 1", "away_team": "Aston Villa"},
{"date": "18-03-2023", "home_team": "Aston Villa", "score": "3 - 0", "away_team": "Bournemouth"},
{"date": "01-04-2023", "home_team": "Chelsea", "score": "0 - 2", "away_team": "Aston Villa"},
{"date": "04-04-2023", "home_team": "Leicester", "score": "1 - 2", "away_team": "Aston Villa"},
{"date": "08-04-2023", "home_team": "Aston Villa", "score": "2 - 0", "away_team": "Nott'm Forest"},
{"date": "15-04-2023", "home_team": "Aston Villa", "score": "3 - 0", "away_team": "Newcastle"},
{"date": "22-04-2023", "home_team": "Brentford", "score": "1 - 1", "away_team": "Aston Villa"},
{"date": "25-04-2023", "home_team": "Aston Villa", "score": "1 - 0", "away_team": "Fulham"},
{"date": "30-04-2023", "home_team": "Man United", "score": "1 - 0", "away_team": "Aston Villa"},
{"date": "06-05-2023", "home_team": "Wolves", "score": "1 - 0", "away_team": "Aston Villa"},
{"date": "13-05-2023", "home_team": "Aston Villa", "score": "2 - 1", "away_team": "Tottenham"},
{"date": "20-05-2023", "home_team": "Liverpool", "score": "1 - 1", "away_team": "Aston Villa"},
{"date": "28-05-2023", "home_team": "Aston Villa", "score": "2 - 1", "away_team": "Brighton"},
{"date": "06-08-2022", "home_team": "Bournemouth", "score": "2 - 0", "away_team": "Aston Villa"},
{"date": "13-08-2022", "home_team": "Man City", "score": "4 - 0", "away_team": "Bournemouth"},
{"date": "20-08-2022", "home_team": "Bournemouth", "score": "0 - 3", "away_team": "Arsenal"},
{"date": "27-08-2022", "home_team": "Liverpool", "score": "9 - 0", "away_team": "Bournemouth"},
{"date": "31-08-2022", "home_team": "Bournemouth", "score": "0 - 0", "away_team": "Wolves"},
{"date": "03-09-2022", "home_team": "Nott'm Forest", "score": "2 - 3", "away_team": "Bournemouth"},
{"date": "17-09-2022", "home_team": "Newcastle", "score": "1 - 1", "away_team": "Bournemouth"},
{"date": "01-10-2022", "home_team": "Bournemouth", "score": "0 - 0", "away_team": "Brentford"},
{"date": "08-10-2022", "home_team": "Bournemouth", "score": "2 - 1", "away_team": "Leicester"},
{"date": "15-10-2022", "home_team": "Fulham", "score": "2 - 2", "away_team": "Bournemouth"},
{"date": "19-10-2022", "home_team": "Bournemouth", "score": "0 - 1", "away_team": "Southampton"},
{"date": "24-10-2022", "home_team": "West Ham", "score": "2 - 0", "away_team": "Bournemouth"},
{"date": "29-10-2022", "home_team": "Bournemouth", "score": "2 - 3", "away_team": "Tottenham"},
{"date": "05-11-2022", "home_team": "Leeds", "score": "4 - 3", "away_team": "Bournemouth"},
{"date": "12-11-2022", "home_team": "Bournemouth", "score": "3 - 0", "away_team": "Everton"},
{"date": "27-12-2022", "home_team": "Chelsea", "score": "2 - 0", "away_team": "Bournemouth"},
{"date": "31-12-2022", "home_team": "Bournemouth", "score": "0 - 2", "away_team": "Crystal Palace"},
{"date": "03-01-2023", "home_team": "Man United", "score": "3 - 0", "away_team": "Bournemouth"},
{"date": "14-01-2023", "home_team": "Brentford", "score": "2 - 0", "away_team": "Bournemouth"},
{"date": "21-01-2023", "home_team": "Bournemouth", "score": "1 - 1", "away_team": "Nott'm Forest"},
{"date": "04-02-2023", "home_team": "Brighton", "score": "1 - 0", "away_team": "Bournemouth"},
{"date": "11-02-2023", "home_team": "Bournemouth", "score": "1 - 1", "away_team": "Newcastle"},
{"date": "18-02-2023", "home_team": "Wolves", "score": "0 - 1", "away_team": "Bournemouth"},
{"date": "25-02-2023", "home_team": "Bournemouth", "score": "1 - 4", "away_team": "Man City"},
{"date": "04-03-2023", "home_team": "Arsenal", "score": "3 - 2", "away_team": "Bournemouth"},
{"date": "11-03-2023", "home_team": "Bournemouth", "score": "1 - 0", "away_team": "Liverpool"},
{"date": "18-03-2023", "home_team": "Aston Villa", "score": "3 - 0", "away_team": "Bournemouth"},
{"date": "01-04-2023", "home_team": "Bournemouth", "score": "2 - 1", "away_team": "Fulham"},
{"date": "04-04-2023", "home_team": "Bournemouth", "score": "0 - 2", "away_team": "Brighton"},
{"date": "08-04-2023", "home_team": "Leicester", "score": "0 - 1", "away_team": "Bournemouth"},
{"date": "15-04-2023", "home_team": "Tottenham", "score": "2 - 3", "away_team": "Bournemouth"},
{"date": "23-04-2023", "home_team": "Bournemouth", "score": "0 - 4", "away_team": "West Ham"},
{"date": "27-04-2023", "home_team": "Southampton", "score": "0 - 1", "away_team": "Bournemouth"},
{"date": "30-04-2023", "home_team": "Bournemouth", "score": "4 - 1", "away_team": "Leeds"},
{"date": "06-05-2023", "home_team": "Bournemouth", "score": "1 - 3", "away_team": "Chelsea"},
{"date": "13-05-2023", "home_team": "Crystal Palace", "score": "2 - 0", "away_team": "Bournemouth"},
{"date": "20-05-2023", "home_team": "Bournemouth", "score": "0 - 1", "away_team": "Man United"},
{"date": "28-05-2023", "home_team": "Everton", "score": "1 - 0", "away_team": "Bournemouth"},
{"date": "07-08-2022", "home_team": "Leicester", "score": "2 - 2", "away_team": "Brentford"},
{"date": "13-08-2022", "home_team": "Brentford", "score": "4 - 0", "away_team": "Man United"},
{"date": "20-08-2022", "home_team": "Fulham", "score": "3 - 2", "away_team": "Brentford"},
{"date": "27-08-2022", "home_team": "Brentford", "score": "1 - 1", "away_team": "Everton"},
{"date": "30-08-2022", "home_team": "Crystal Palace", "score": "1 - 1", "away_team": "Brentford"},
{"date": "03-09-2022", "home_team": "Brentford", "score": "5 - 2", "away_team": "Leeds"},
{"date": "18-09-2022", "home_team": "Brentford", "score": "0 - 3", "away_team": "Arsenal"},
{"date": "01-10-2022", "home_team": "Bournemouth", "score": "0 - 0", "away_team": "Brentford"},
{"date": "08-10-2022", "home_team": "Newcastle", "score": "5 - 1", "away_team": "Brentford"},
{"date": "14-10-2022", "home_team": "Brentford", "score": "2 - 0", "away_team": "Brighton"},
{"date": "19-10-2022", "home_team": "Brentford", "score": "0 - 0", "away_team": "Chelsea"},
{"date": "23-10-2022", "home_team": "Aston Villa", "score": "4 - 0", "away_team": "Brentford"},
{"date": "29-10-2022", "home_team": "Brentford", "score": "1 - 1", "away_team": "Wolves"},
{"date": "05-11-2022", "home_team": "Nott'm Forest", "score": "2 - 2", "away_team": "Brentford"},
{"date": "12-11-2022", "home_team": "Man City", "score": "1 - 2", "away_team": "Brentford"},
{"date": "26-12-2022", "home_team": "Brentford", "score": "2 - 2", "away_team": "Tottenham"},
{"date": "30-12-2022", "home_team": "West Ham", "score": "0 - 2", "away_team": "Brentford"},
{"date": "02-01-2023", "home_team": "Brentford", "score": "3 - 1", "away_team": "Liverpool"},
{"date": "14-01-2023", "home_team": "Brentford", "score": "2 - 0", "away_team": "Bournemouth"},
{"date": "22-01-2023", "home_team": "Leeds", "score": "0 - 0", "away_team": "Brentford"},
{"date": "04-02-2023", "home_team": "Brentford", "score": "3 - 0", "away_team": "Southampton"},
{"date": "11-02-2023", "home_team": "Arsenal", "score": "1 - 1", "away_team": "Brentford"},
{"date": "18-02-2023", "home_team": "Brentford", "score": "1 - 1", "away_team": "Crystal Palace"},
{"date": "06-03-2023", "home_team": "Brentford", "score": "3 - 2", "away_team": "Fulham"},
{"date": "11-03-2023", "home_team": "Everton", "score": "1 - 0", "away_team": "Brentford"},
{"date": "15-03-2023", "home_team": "Southampton", "score": "0 - 2", "away_team": "Brentford"},
{"date": "18-03-2023", "home_team": "Brentford", "score": "1 - 1", "away_team": "Leicester"},
{"date": "01-04-2023", "home_team": "Brighton", "score": "3 - 3", "away_team": "Brentford"},
{"date": "05-04-2023", "home_team": "Man United", "score": "1 - 0", "away_team": "Brentford"},
{"date": "08-04-2023", "home_team": "Brentford", "score": "1 - 2", "away_team": "Newcastle"},
{"date": "15-04-2023", "home_team": "Wolves", "score": "2 - 0", "away_team": "Brentford"},
{"date": "22-04-2023", "home_team": "Brentford", "score": "1 - 1", "away_team": "Aston Villa"},
{"date": "26-04-2023", "home_team": "Chelsea", "score": "0 - 2", "away_team": "Brentford"},
{"date": "29-04-2023", "home_team": "Brentford", "score": "2 - 1", "away_team": "Nott'm Forest"},
{"date": "06-05-2023", "home_team": "Liverpool", "score": "1 - 0", "away_team": "Brentford"},
{"date": "14-05-2023", "home_team": "Brentford", "score": "2 - 0", "away_team": "West Ham"},
{"date": "20-05-2023", "home_team": "Tottenham", "score": "1 - 3", "away_team": "Brentford"},
{"date": "28-05-2023", "home_team": "Brentford", "score": "1 - 0", "away_team": "Man City"},
{"date": "07-08-2022", "home_team": "Man United", "score": "1 - 2", "away_team": "Brighton"},
{"date": "13-08-2022", "home_team": "Brighton", "score": "0 - 0", "away_team": "Newcastle"},
{"date": "21-08-2022", "home_team": "West Ham", "score": "0 - 2", "away_team": "Brighton"},
{"date": "27-08-2022", "home_team": "Brighton", "score": "1 - 0", "away_team": "Leeds"},
{"date": "30-08-2022", "home_team": "Fulham", "score": "2 - 1", "away_team": "Brighton"},
{"date": "04-09-2022", "home_team": "Brighton", "score": "5 - 2", "away_team": "Leicester"},
{"date": "01-10-2022", "home_team": "Liverpool", "score": "3 - 3", "away_team": "Brighton"},
{"date": "08-10-2022", "home_team": "Brighton", "score": "0 - 1", "away_team": "Tottenham"},
{"date": "14-10-2022", "home_team": "Brentford", "score": "2 - 0", "away_team": "Brighton"},
{"date": "18-10-2022", "home_team": "Brighton", "score": "0 - 0", "away_team": "Nott'm Forest"},
{"date": "22-10-2022", "home_team": "Man City", "score": "3 - 1", "away_team": "Brighton"},
{"date": "29-10-2022", "home_team": "Brighton", "score": "4 - 1", "away_team": "Chelsea"},
{"date": "05-11-2022", "home_team": "Wolves", "score": "2 - 3", "away_team": "Brighton"},
{"date": "13-11-2022", "home_team": "Brighton", "score": "1 - 2", "away_team": "Aston Villa"},
{"date": "26-12-2022", "home_team": "Southampton", "score": "1 - 3", "away_team": "Brighton"},
{"date": "31-12-2022", "home_team": "Brighton", "score": "2 - 4", "away_team": "Arsenal"},
{"date": "03-01-2023", "home_team": "Everton", "score": "1 - 4", "away_team": "Brighton"},
{"date": "14-01-2023", "home_team": "Brighton", "score": "3 - 0", "away_team": "Liverpool"},
{"date": "21-01-2023", "home_team": "Leicester", "score": "2 - 2", "away_team": "Brighton"},
{"date": "04-02-2023", "home_team": "Brighton", "score": "1 - 0", "away_team": "Bournemouth"},
{"date": "11-02-2023", "home_team": "Crystal Palace", "score": "1 - 1", "away_team": "Brighton"},
{"date": "18-02-2023", "home_team": "Brighton", "score": "0 - 1", "away_team": "Fulham"},
{"date": "04-03-2023", "home_team": "Brighton", "score": "4 - 0", "away_team": "West Ham"},
{"date": "11-03-2023", "home_team": "Leeds", "score": "2 - 2", "away_team": "Brighton"},
{"date": "15-03-2023", "home_team": "Brighton", "score": "1 - 0", "away_team": "Crystal Palace"},
{"date": "01-04-2023", "home_team": "Brighton", "score": "3 - 3", "away_team": "Brentford"},
{"date": "04-04-2023", "home_team": "Bournemouth", "score": "0 - 2", "away_team": "Brighton"},
{"date": "08-04-2023", "home_team": "Tottenham", "score": "2 - 1", "away_team": "Brighton"},
{"date": "15-04-2023", "home_team": "Chelsea", "score": "1 - 2", "away_team": "Brighton"},
{"date": "26-04-2023", "home_team": "Nott'm Forest", "score": "3 - 1", "away_team": "Brighton"},
{"date": "29-04-2023", "home_team": "Brighton", "score": "6 - 0", "away_team": "Wolves"},
{"date": "04-05-2023", "home_team": "Brighton", "score": "1 - 0", "away_team": "Man United"},
{"date": "08-05-2023", "home_team": "Brighton", "score": "1 - 5", "away_team": "Everton"},
{"date": "14-05-2023", "home_team": "Arsenal", "score": "0 - 3", "away_team": "Brighton"},
{"date": "18-05-2023", "home_team": "Newcastle", "score": "4 - 1", "away_team": "Brighton"},
{"date": "21-05-2023", "home_team": "Brighton", "score": "3 - 1", "away_team": "Southampton"},
{"date": "24-05-2023", "home_team": "Brighton", "score": "1 - 1", "away_team": "Man City"},
{"date": "28-05-2023", "home_team": "Aston Villa", "score": "2 - 1", "away_team": "Brighton"},
{"date": "06-08-2022", "home_team": "Everton", "score": "0 - 1", "away_team": "Chelsea"},
{"date": "14-08-2022", "home_team": "Chelsea", "score": "2 - 2", "away_team": "Tottenham"},
{"date": "21-08-2022", "home_team": "Leeds", "score": "3 - 0", "away_team": "Chelsea"},
{"date": "27-08-2022", "home_team": "Chelsea", "score": "2 - 1", "away_team": "Leicester"},
{"date": "30-08-2022", "home_team": "Southampton", "score": "2 - 1", "away_team": "Chelsea"},
{"date": "03-09-2022", "home_team": "Chelsea", "score": "2 - 1", "away_team": "West Ham"},
{"date": "01-10-2022", "home_team": "Crystal Palace", "score": "1 - 2", "away_team": "Chelsea"},
{"date": "08-10-2022", "home_team": "Chelsea", "score": "3 - 0", "away_team": "Wolves"},
{"date": "16-10-2022", "home_team": "Aston Villa", "score": "0 - 2", "away_team": "Chelsea"},
{"date": "19-10-2022", "home_team": "Brentford", "score": "0 - 0", "away_team": "Chelsea"},
{"date": "22-10-2022", "home_team": "Chelsea", "score": "1 - 1", "away_team": "Man United"},
{"date": "29-10-2022", "home_team": "Brighton", "score": "4 - 1", "away_team": "Chelsea"},
{"date": "06-11-2022", "home_team": "Chelsea", "score": "0 - 1", "away_team": "Arsenal"},
{"date": "12-11-2022", "home_team": "Newcastle", "score": "1 - 0", "away_team": "Chelsea"},
{"date": "27-12-2022", "home_team": "Chelsea", "score": "2 - 0", "away_team": "Bournemouth"},
{"date": "01-01-2023", "home_team": "Nott'm Forest", "score": "1 - 1", "away_team": "Chelsea"},
{"date": "05-01-2023", "home_team": "Chelsea", "score": "0 - 1", "away_team": "Man City"},
{"date": "12-01-2023", "home_team": "Fulham", "score": "2 - 1", "away_team": "Chelsea"},
{"date": "15-01-2023", "home_team": "Chelsea", "score": "1 - 0", "away_team": "Crystal Palace"},
{"date": "21-01-2023", "home_team": "Liverpool", "score": "0 - 0", "away_team": "Chelsea"},
{"date": "03-02-2023", "home_team": "Chelsea", "score": "0 - 0", "away_team": "Fulham"},
{"date": "11-02-2023", "home_team": "West Ham", "score": "1 - 1", "away_team": "Chelsea"},
{"date": "18-02-2023", "home_team": "Chelsea", "score": "0 - 1", "away_team": "Southampton"},
{"date": "26-02-2023", "home_team": "Tottenham", "score": "2 - 0", "away_team": "Chelsea"},
{"date": "04-03-2023", "home_team": "Chelsea", "score": "1 - 0", "away_team": "Leeds"},
{"date": "11-03-2023", "home_team": "Leicester", "score": "1 - 3", "away_team": "Chelsea"},
{"date": "18-03-2023", "home_team": "Chelsea", "score": "2 - 2", "away_team": "Everton"},
{"date": "01-04-2023", "home_team": "Chelsea", "score": "0 - 2", "away_team": "Aston Villa"},
{"date": "04-04-2023", "home_team": "Chelsea", "score": "0 - 0", "away_team": "Liverpool"},
{"date": "08-04-2023", "home_team": "Wolves", "score": "1 - 0", "away_team": "Chelsea"},
{"date": "15-04-2023", "home_team": "Chelsea", "score": "1 - 2", "away_team": "Brighton"},
{"date": "26-04-2023", "home_team": "Chelsea", "score": "0 - 2", "away_team": "Brentford"},
{"date": "02-05-2023", "home_team": "Arsenal", "score": "3 - 1", "away_team": "Chelsea"},
{"date": "06-05-2023", "home_team": "Bournemouth", "score": "1 - 3", "away_team": "Chelsea"},
{"date": "13-05-2023", "home_team": "Chelsea", "score": "2 - 2", "away_team": "Nott'm Forest"},
{"date": "21-05-2023", "home_team": "Man City", "score": "1 - 0", "away_team": "Chelsea"},
{"date": "25-05-2023", "home_team": "Man United", "score": "4 - 1", "away_team": "Chelsea"},
{"date": "28-05-2023", "home_team": "Chelsea", "score": "1 - 1", "away_team": "Newcastle"},
{"date": "05-08-2022", "home_team": "Crystal Palace", "score": "0 - 2", "away_team": "Arsenal"},
{"date": "15-08-2022", "home_team": "Liverpool", "score": "1 - 1", "away_team": "Crystal Palace"},
{"date": "20-08-2022", "home_team": "Crystal Palace", "score": "3 - 1", "away_team": "Aston Villa"},
{"date": "27-08-2022", "home_team": "Man City", "score": "4 - 2", "away_team": "Crystal Palace"},
{"date": "30-08-2022", "home_team": "Crystal Palace", "score": "1 - 1", "away_team": "Brentford"},
{"date": "03-09-2022", "home_team": "Newcastle", "score": "0 - 0", "away_team": "Crystal Palace"},
{"date": "01-10-2022", "home_team": "Crystal Palace", "score": "1 - 2", "away_team": "Chelsea"},
{"date": "09-10-2022", "home_team": "Crystal Palace", "score": "2 - 1", "away_team": "Leeds"},
{"date": "15-10-2022", "home_team": "Leicester", "score": "0 - 0", "away_team": "Crystal Palace"},
{"date": "18-10-2022", "home_team": "Crystal Palace", "score": "2 - 1", "away_team": "Wolves"},
{"date": "22-10-2022", "home_team": "Everton", "score": "3 - 0", "away_team": "Crystal Palace"},
{"date": "29-10-2022", "home_team": "Crystal Palace", "score": "1 - 0", "away_team": "Southampton"},
{"date": "06-11-2022", "home_team": "West Ham", "score": "1 - 2", "away_team": "Crystal Palace"},
{"date": "12-11-2022", "home_team": "Nott'm Forest", "score": "1 - 0", "away_team": "Crystal Palace"},
{"date": "26-12-2022", "home_team": "Crystal Palace", "score": "0 - 3", "away_team": "Fulham"},
{"date": "31-12-2022", "home_team": "Bournemouth", "score": "0 - 2", "away_team": "Crystal Palace"},
{"date": "04-01-2023", "home_team": "Crystal Palace", "score": "0 - 4", "away_team": "Tottenham"},
{"date": "15-01-2023", "home_team": "Chelsea", "score": "1 - 0", "away_team": "Crystal Palace"},
{"date": "18-01-2023", "home_team": "Crystal Palace", "score": "1 - 1", "away_team": "Man United"},
{"date": "21-01-2023", "home_team": "Crystal Palace", "score": "0 - 0", "away_team": "Newcastle"},
{"date": "04-02-2023", "home_team": "Man United", "score": "2 - 1", "away_team": "Crystal Palace"},
{"date": "11-02-2023", "home_team": "Crystal Palace", "score": "1 - 1", "away_team": "Brighton"},
{"date": "18-02-2023", "home_team": "Brentford", "score": "1 - 1", "away_team": "Crystal Palace"},
{"date": "25-02-2023", "home_team": "Crystal Palace", "score": "0 - 0", "away_team": "Liverpool"},
{"date": "04-03-2023", "home_team": "Aston Villa", "score": "1 - 0", "away_team": "Crystal Palace"},
{"date": "11-03-2023", "home_team": "Crystal Palace", "score": "0 - 1", "away_team": "Man City"},
{"date": "15-03-2023", "home_team": "Brighton", "score": "1 - 0", "away_team": "Crystal Palace"},
{"date": "19-03-2023", "home_team": "Arsenal", "score": "4 - 1", "away_team": "Crystal Palace"},
{"date": "01-04-2023", "home_team": "Crystal Palace", "score": "2 - 1", "away_team": "Leicester"},
{"date": "09-04-2023", "home_team": "Leeds", "score": "1 - 5", "away_team": "Crystal Palace"},
{"date": "15-04-2023", "home_team": "Southampton", "score": "0 - 2", "away_team": "Crystal Palace"},
{"date": "22-04-2023", "home_team": "Crystal Palace", "score": "0 - 0", "away_team": "Everton"},
{"date": "25-04-2023", "home_team": "Wolves", "score": "2 - 0", "away_team": "Crystal Palace"},
{"date": "29-04-2023", "home_team": "Crystal Palace", "score": "4 - 3", "away_team": "West Ham"},
{"date": "06-05-2023", "home_team": "Tottenham", "score": "1 - 0", "away_team": "Crystal Palace"},
{"date": "13-05-2023", "home_team": "Crystal Palace", "score": "2 - 0", "away_team": "Bournemouth"},
{"date": "20-05-2023", "home_team": "Fulham", "score": "2 - 2", "away_team": "Crystal Palace"},
{"date": "28-05-2023", "home_team": "Crystal Palace", "score": "1 - 1", "away_team": "Nott'm Forest"},
{"date": "06-08-2022", "home_team": "Everton", "score": "0 - 1", "away_team": "Chelsea"},
{"date": "13-08-2022", "home_team": "Aston Villa", "score": "2 - 1", "away_team": "Everton"},
{"date": "20-08-2022", "home_team": "Everton", "score": "1 - 1", "away_team": "Nott'm Forest"},
{"date": "27-08-2022", "home_team": "Brentford", "score": "1 - 1", "away_team": "Everton"},
{"date": "30-08-2022", "home_team": "Leeds", "score": "1 - 1", "away_team": "Everton"},
{"date": "03-09-2022", "home_team": "Everton", "score": "0 - 0", "away_team": "Liverpool"},
{"date": "18-09-2022", "home_team": "Everton", "score": "1 - 0", "away_team": "West Ham"},
{"date": "01-10-2022", "home_team": "Southampton", "score": "1 - 2", "away_team": "Everton"},
{"date": "09-10-2022", "home_team": "Everton", "score": "1 - 2", "away_team": "Man United"},
{"date": "15-10-2022", "home_team": "Tottenham", "score": "2 - 0", "away_team": "Everton"},
{"date": "19-10-2022", "home_team": "Newcastle", "score": "1 - 0", "away_team": "Everton"},
{"date": "22-10-2022", "home_team": "Everton", "score": "3 - 0", "away_team": "Crystal Palace"},
{"date": "29-10-2022", "home_team": "Fulham", "score": "0 - 0", "away_team": "Everton"},
{"date": "05-11-2022", "home_team": "Everton", "score": "0 - 2", "away_team": "Leicester"},
{"date": "12-11-2022", "home_team": "Bournemouth", "score": "3 - 0", "away_team": "Everton"},
{"date": "26-12-2022", "home_team": "Everton", "score": "1 - 2", "away_team": "Wolves"},
{"date": "31-12-2022", "home_team": "Man City", "score": "1 - 1", "away_team": "Everton"},
{"date": "03-01-2023", "home_team": "Everton", "score": "1 - 4", "away_team": "Brighton"},
{"date": "14-01-2023", "home_team": "Everton", "score": "1 - 2", "away_team": "Southampton"},
{"date": "21-01-2023", "home_team": "West Ham", "score": "2 - 0", "away_team": "Everton"},
{"date": "04-02-2023", "home_team": "Everton", "score": "1 - 0", "away_team": "Arsenal"},
{"date": "13-02-2023", "home_team": "Liverpool", "score": "2 - 0", "away_team": "Everton"},
{"date": "18-02-2023", "home_team": "Everton", "score": "1 - 0", "away_team": "Leeds"},
{"date": "25-02-2023", "home_team": "Everton", "score": "0 - 2", "away_team": "Aston Villa"},
{"date": "01-03-2023", "home_team": "Arsenal", "score": "4 - 0", "away_team": "Everton"},
{"date": "05-03-2023", "home_team": "Nott'm Forest", "score": "2 - 2", "away_team": "Everton"},
{"date": "11-03-2023", "home_team": "Everton", "score": "1 - 0", "away_team": "Brentford"},
{"date": "18-03-2023", "home_team": "Chelsea", "score": "2 - 2", "away_team": "Everton"},
{"date": "03-04-2023", "home_team": "Everton", "score": "1 - 1", "away_team": "Tottenham"},
{"date": "08-04-2023", "home_team": "Man United", "score": "2 - 0", "away_team": "Everton"},
{"date": "15-04-2023", "home_team": "Everton", "score": "1 - 3", "away_team": "Fulham"},
{"date": "22-04-2023", "home_team": "Crystal Palace", "score": "0 - 0", "away_team": "Everton"},
{"date": "27-04-2023", "home_team": "Everton", "score": "1 - 4", "away_team": "Newcastle"},
{"date": "01-05-2023", "home_team": "Leicester", "score": "2 - 2", "away_team": "Everton"},
{"date": "08-05-2023", "home_team": "Brighton", "score": "1 - 5", "away_team": "Everton"},
{"date": "14-05-2023", "home_team": "Everton", "score": "0 - 3", "away_team": "Man City"},
{"date": "20-05-2023", "home_team": "Wolves", "score": "1 - 1", "away_team": "Everton"},
{"date": "28-05-2023", "home_team": "Everton", "score": "1 - 0", "away_team": "Bournemouth"},
{"date": "06-08-2022", "home_team": "Fulham", "score": "2 - 2", "away_team": "Liverpool"},
{"date": "13-08-2022", "home_team": "Wolves", "score": "0 - 0", "away_team": "Fulham"},
{"date": "20-08-2022", "home_team": "Fulham", "score": "3 - 2", "away_team": "Brentford"},
{"date": "27-08-2022", "home_team": "Arsenal", "score": "2 - 1", "away_team": "Fulham"},
{"date": "30-08-2022", "home_team": "Fulham", "score": "2 - 1", "away_team": "Brighton"},
{"date": "03-09-2022", "home_team": "Tottenham", "score": "2 - 1", "away_team": "Fulham"},
{"date": "16-09-2022", "home_team": "Nott'm Forest", "score": "2 - 3", "away_team": "Fulham"},
{"date": "01-10-2022", "home_team": "Fulham", "score": "1 - 4", "away_team": "Newcastle"},
{"date": "09-10-2022", "home_team": "West Ham", "score": "3 - 1", "away_team": "Fulham"},
{"date": "15-10-2022", "home_team": "Fulham", "score": "2 - 2", "away_team": "Bournemouth"},
{"date": "20-10-2022", "home_team": "Fulham", "score": "3 - 0", "away_team": "Aston Villa"},
{"date": "23-10-2022", "home_team": "Leeds", "score": "2 - 3", "away_team": "Fulham"},
{"date": "29-10-2022", "home_team": "Fulham", "score": "0 - 0", "away_team": "Everton"},
{"date": "05-11-2022", "home_team": "Man City", "score": "2 - 1", "away_team": "Fulham"},
{"date": "13-11-2022", "home_team": "Fulham", "score": "1 - 2", "away_team": "Man United"},
{"date": "26-12-2022", "home_team": "Crystal Palace", "score": "0 - 3", "away_team": "Fulham"},
{"date": "31-12-2022", "home_team": "Fulham", "score": "2 - 1", "away_team": "Southampton"},
{"date": "03-01-2023", "home_team": "Leicester", "score": "0 - 1", "away_team": "Fulham"},
{"date": "12-01-2023", "home_team": "Fulham", "score": "2 - 1", "away_team": "Chelsea"},
{"date": "15-01-2023", "home_team": "Newcastle", "score": "1 - 0", "away_team": "Fulham"},
{"date": "23-01-2023", "home_team": "Fulham", "score": "0 - 1", "away_team": "Tottenham"},
{"date": "03-02-2023", "home_team": "Chelsea", "score": "0 - 0", "away_team": "Fulham"},
{"date": "11-02-2023", "home_team": "Fulham", "score": "2 - 0", "away_team": "Nott'm Forest"},
{"date": "18-02-2023", "home_team": "Brighton", "score": "0 - 1", "away_team": "Fulham"},
{"date": "24-02-2023", "home_team": "Fulham", "score": "1 - 1", "away_team": "Wolves"},
{"date": "06-03-2023", "home_team": "Brentford", "score": "3 - 2", "away_team": "Fulham"},
{"date": "12-03-2023", "home_team": "Fulham", "score": "0 - 3", "away_team": "Arsenal"},
{"date": "01-04-2023", "home_team": "Bournemouth", "score": "2 - 1", "away_team": "Fulham"},
{"date": "08-04-2023", "home_team": "Fulham", "score": "0 - 1", "away_team": "West Ham"},
{"date": "15-04-2023", "home_team": "Everton", "score": "1 - 3", "away_team": "Fulham"},
{"date": "22-04-2023", "home_team": "Fulham", "score": "2 - 1", "away_team": "Leeds"},
{"date": "25-04-2023", "home_team": "Aston Villa", "score": "1 - 0", "away_team": "Fulham"},
{"date": "30-04-2023", "home_team": "Fulham", "score": "1 - 2", "away_team": "Man City"},
{"date": "03-05-2023", "home_team": "Liverpool", "score": "1 - 0", "away_team": "Fulham"},
{"date": "08-05-2023", "home_team": "Fulham", "score": "5 - 3", "away_team": "Leicester"},
{"date": "13-05-2023", "home_team": "Southampton", "score": "0 - 2", "away_team": "Fulham"},
{"date": "20-05-2023", "home_team": "Fulham", "score": "2 - 2", "away_team": "Crystal Palace"},
{"date": "28-05-2023", "home_team": "Man United", "score": "2 - 1", "away_team": "Fulham"},
{"date": "06-08-2022", "home_team": "Leeds", "score": "2 - 1", "away_team": "Wolves"},
{"date": "13-08-2022", "home_team": "Southampton", "score": "2 - 2", "away_team": "Leeds"},
{"date": "21-08-2022", "home_team": "Leeds", "score": "3 - 0", "away_team": "Chelsea"},
{"date": "27-08-2022", "home_team": "Brighton", "score": "1 - 0", "away_team": "Leeds"},
{"date": "30-08-2022", "home_team": "Leeds", "score": "1 - 1", "away_team": "Everton"},
{"date": "03-09-2022", "home_team": "Brentford", "score": "5 - 2", "away_team": "Leeds"},
{"date": "02-10-2022", "home_team": "Leeds", "score": "0 - 0", "away_team": "Aston Villa"},
{"date": "09-10-2022", "home_team": "Crystal Palace", "score": "2 - 1", "away_team": "Leeds"},
{"date": "16-10-2022", "home_team": "Leeds", "score": "0 - 1", "away_team": "Arsenal"},
{"date": "20-10-2022", "home_team": "Leicester", "score": "2 - 0", "away_team": "Leeds"},
{"date": "23-10-2022", "home_team": "Leeds", "score": "2 - 3", "away_team": "Fulham"},
{"date": "29-10-2022", "home_team": "Liverpool", "score": "1 - 2", "away_team": "Leeds"},
{"date": "05-11-2022", "home_team": "Leeds", "score": "4 - 3", "away_team": "Bournemouth"},
{"date": "12-11-2022", "home_team": "Tottenham", "score": "4 - 3", "away_team": "Leeds"},
{"date": "28-12-2022", "home_team": "Leeds", "score": "1 - 3", "away_team": "Man City"},
{"date": "31-12-2022", "home_team": "Newcastle", "score": "0 - 0", "away_team": "Leeds"},
{"date": "04-01-2023", "home_team": "Leeds", "score": "2 - 2", "away_team": "West Ham"},
{"date": "13-01-2023", "home_team": "Aston Villa", "score": "2 - 1", "away_team": "Leeds"},
{"date": "22-01-2023", "home_team": "Leeds", "score": "0 - 0", "away_team": "Brentford"},
{"date": "05-02-2023", "home_team": "Nott'm Forest", "score": "1 - 0", "away_team": "Leeds"},
{"date": "08-02-2023", "home_team": "Man United", "score": "2 - 2", "away_team": "Leeds"},
{"date": "12-02-2023", "home_team": "Leeds", "score": "0 - 2", "away_team": "Man United"},
{"date": "18-02-2023", "home_team": "Everton", "score": "1 - 0", "away_team": "Leeds"},
{"date": "25-02-2023", "home_team": "Leeds", "score": "1 - 0", "away_team": "Southampton"},
{"date": "04-03-2023", "home_team": "Chelsea", "score": "1 - 0", "away_team": "Leeds"},
{"date": "11-03-2023", "home_team": "Leeds", "score": "2 - 2", "away_team": "Brighton"},
{"date": "18-03-2023", "home_team": "Wolves", "score": "2 - 4", "away_team": "Leeds"},
{"date": "01-04-2023", "home_team": "Arsenal", "score": "4 - 1", "away_team": "Leeds"},
{"date": "04-04-2023", "home_team": "Leeds", "score": "2 - 1", "away_team": "Nott'm Forest"},
{"date": "09-04-2023", "home_team": "Leeds", "score": "1 - 5", "away_team": "Crystal Palace"},
{"date": "17-04-2023", "home_team": "Leeds", "score": "1 - 6", "away_team": "Liverpool"},
{"date": "22-04-2023", "home_team": "Fulham", "score": "2 - 1", "away_team": "Leeds"},
{"date": "25-04-2023", "home_team": "Leeds", "score": "1 - 1", "away_team": "Leicester"},
{"date": "30-04-2023", "home_team": "Bournemouth", "score": "4 - 1", "away_team": "Leeds"},
{"date": "06-05-2023", "home_team": "Man City", "score": "2 - 1", "away_team": "Leeds"},
{"date": "13-05-2023", "home_team": "Leeds", "score": "2 - 2", "away_team": "Newcastle"},
{"date": "21-05-2023", "home_team": "West Ham", "score": "3 - 1", "away_team": "Leeds"},
{"date": "28-05-2023", "home_team": "Leeds", "score": "1 - 4", "away_team": "Tottenham"},
{"date": "07-08-2022", "home_team": "Leicester", "score": "2 - 2", "away_team": "Brentford"},
{"date": "13-08-2022", "home_team": "Arsenal", "score": "4 - 2", "away_team": "Leicester"},
{"date": "20-08-2022", "home_team": "Leicester", "score": "1 - 2", "away_team": "Southampton"},
{"date": "27-08-2022", "home_team": "Chelsea", "score": "2 - 1", "away_team": "Leicester"},
{"date": "01-09-2022", "home_team": "Leicester", "score": "0 - 1", "away_team": "Man United"},
{"date": "04-09-2022", "home_team": "Brighton", "score": "5 - 2", "away_team": "Leicester"},
{"date": "17-09-2022", "home_team": "Tottenham", "score": "6 - 2", "away_team": "Leicester"},
{"date": "03-10-2022", "home_team": "Leicester", "score": "4 - 0", "away_team": "Nott'm Forest"},
{"date": "08-10-2022", "home_team": "Bournemouth", "score": "2 - 1", "away_team": "Leicester"},
{"date": "15-10-2022", "home_team": "Leicester", "score": "0 - 0", "away_team": "Crystal Palace"},
{"date": "20-10-2022", "home_team": "Leicester", "score": "2 - 0", "away_team": "Leeds"},
{"date": "23-10-2022", "home_team": "Wolves", "score": "0 - 4", "away_team": "Leicester"},
{"date": "29-10-2022", "home_team": "Leicester", "score": "0 - 1", "away_team": "Man City"},
{"date": "05-11-2022", "home_team": "Everton", "score": "0 - 2", "away_team": "Leicester"},
{"date": "12-11-2022", "home_team": "West Ham", "score": "0 - 2", "away_team": "Leicester"},
{"date": "26-12-2022", "home_team": "Leicester", "score": "0 - 3", "away_team": "Newcastle"},
{"date": "30-12-2022", "home_team": "Liverpool", "score": "2 - 1", "away_team": "Leicester"},
{"date": "03-01-2023", "home_team": "Leicester", "score": "0 - 1", "away_team": "Fulham"},
{"date": "14-01-2023", "home_team": "Nott'm Forest", "score": "2 - 0", "away_team": "Leicester"},
{"date": "21-01-2023", "home_team": "Leicester", "score": "2 - 2", "away_team": "Brighton"},
{"date": "04-02-2023", "home_team": "Aston Villa", "score": "2 - 4", "away_team": "Leicester"},
{"date": "11-02-2023", "home_team": "Leicester", "score": "4 - 1", "away_team": "Tottenham"},
{"date": "19-02-2023", "home_team": "Man United", "score": "3 - 0", "away_team": "Leicester"},
{"date": "25-02-2023", "home_team": "Leicester", "score": "0 - 1", "away_team": "Arsenal"},
{"date": "04-03-2023", "home_team": "Southampton", "score": "1 - 0", "away_team": "Leicester"},
{"date": "11-03-2023", "home_team": "Leicester", "score": "1 - 3", "away_team": "Chelsea"},
{"date": "18-03-2023", "home_team": "Brentford", "score": "1 - 1", "away_team": "Leicester"},
{"date": "01-04-2023", "home_team": "Crystal Palace", "score": "2 - 1", "away_team": "Leicester"},
{"date": "04-04-2023", "home_team": "Leicester", "score": "1 - 2", "away_team": "Aston Villa"},
{"date": "08-04-2023", "home_team": "Leicester", "score": "0 - 1", "away_team": "Bournemouth"},
{"date": "15-04-2023", "home_team": "Man City", "score": "3 - 1", "away_team": "Leicester"},
{"date": "22-04-2023", "home_team": "Leicester", "score": "2 - 1", "away_team": "Wolves"},
{"date": "25-04-2023", "home_team": "Leeds", "score": "1 - 1", "away_team": "Leicester"},
{"date": "01-05-2023", "home_team": "Leicester", "score": "2 - 2", "away_team": "Everton"},
{"date": "08-05-2023", "home_team": "Fulham", "score": "5 - 3", "away_team": "Leicester"},
{"date": "15-05-2023", "home_team": "Leicester", "score": "0 - 3", "away_team": "Liverpool"},
{"date": "22-05-2023", "home_team": "Newcastle", "score": "0 - 0", "away_team": "Leicester"},
{"date": "28-05-2023", "home_team": "Leicester", "score": "2 - 1", "away_team": "West Ham"},
{"date": "06-08-2022", "home_team": "Fulham", "score": "2 - 2", "away_team": "Liverpool"},
{"date": "15-08-2022", "home_team": "Liverpool", "score": "1 - 1", "away_team": "Crystal Palace"},
{"date": "22-08-2022", "home_team": "Man United", "score": "2 - 1", "away_team": "Liverpool"},
{"date": "27-08-2022", "home_team": "Liverpool", "score": "9 - 0", "away_team": "Bournemouth"},
{"date": "31-08-2022", "home_team": "Liverpool", "score": "2 - 1", "away_team": "Newcastle"},
{"date": "03-09-2022", "home_team": "Everton", "score": "0 - 0", "away_team": "Liverpool"},
{"date": "01-10-2022", "home_team": "Liverpool", "score": "3 - 3", "away_team": "Brighton"},
{"date": "09-10-2022", "home_team": "Arsenal", "score": "3 - 2", "away_team": "Liverpool"},
{"date": "16-10-2022", "home_team": "Liverpool", "score": "1 - 0", "away_team": "Man City"},
{"date": "19-10-2022", "home_team": "Liverpool", "score": "1 - 0", "away_team": "West Ham"},
{"date": "22-10-2022", "home_team": "Nott'm Forest", "score": "1 - 0", "away_team": "Liverpool"},
{"date": "29-10-2022", "home_team": "Liverpool", "score": "1 - 2", "away_team": "Leeds"},
{"date": "06-11-2022", "home_team": "Tottenham", "score": "1 - 2", "away_team": "Liverpool"},
{"date": "12-11-2022", "home_team": "Liverpool", "score": "3 - 1", "away_team": "Southampton"},
{"date": "26-12-2022", "home_team": "Aston Villa", "score": "1 - 3", "away_team": "Liverpool"},
{"date": "30-12-2022", "home_team": "Liverpool", "score": "2 - 1", "away_team": "Leicester"},
{"date": "02-01-2023", "home_team": "Brentford", "score": "3 - 1", "away_team": "Liverpool"},
{"date": "14-01-2023", "home_team": "Brighton", "score": "3 - 0", "away_team": "Liverpool"},
{"date": "21-01-2023", "home_team": "Liverpool", "score": "0 - 0", "away_team": "Chelsea"},
{"date": "04-02-2023", "home_team": "Wolves", "score": "3 - 0", "away_team": "Liverpool"},
{"date": "13-02-2023", "home_team": "Liverpool", "score": "2 - 0", "away_team": "Everton"},
{"date": "18-02-2023", "home_team": "Newcastle", "score": "0 - 2", "away_team": "Liverpool"},
{"date": "25-02-2023", "home_team": "Crystal Palace", "score": "0 - 0", "away_team": "Liverpool"},
{"date": "01-03-2023", "home_team": "Liverpool", "score": "2 - 0", "away_team": "Wolves"},
{"date": "05-03-2023", "home_team": "Liverpool", "score": "7 - 0", "away_team": "Man United"},
{"date": "11-03-2023", "home_team": "Bournemouth", "score": "1 - 0", "away_team": "Liverpool"},
{"date": "01-04-2023", "home_team": "Man City", "score": "4 - 1", "away_team": "Liverpool"},
{"date": "04-04-2023", "home_team": "Chelsea", "score": "0 - 0", "away_team": "Liverpool"},
{"date": "09-04-2023", "home_team": "Liverpool", "score": "2 - 2", "away_team": "Arsenal"},
{"date": "17-04-2023", "home_team": "Leeds", "score": "1 - 6", "away_team": "Liverpool"},
{"date": "22-04-2023", "home_team": "Liverpool", "score": "3 - 2", "away_team": "Nott'm Forest"},
{"date": "26-04-2023", "home_team": "West Ham", "score": "1 - 2", "away_team": "Liverpool"},
{"date": "30-04-2023", "home_team": "Liverpool", "score": "4 - 3", "away_team": "Tottenham"},
{"date": "03-05-2023", "home_team": "Liverpool", "score": "1 - 0", "away_team": "Fulham"},
{"date": "06-05-2023", "home_team": "Liverpool", "score": "1 - 0", "away_team": "Brentford"},
{"date": "15-05-2023", "home_team": "Leicester", "score": "0 - 3", "away_team": "Liverpool"},
{"date": "20-05-2023", "home_team": "Liverpool", "score": "1 - 1", "away_team": "Aston Villa"},
{"date": "28-05-2023", "home_team": "Southampton", "score": "4 - 4", "away_team": "Liverpool"},
{"date": "07-08-2022", "home_team": "West Ham", "score": "0 - 2", "away_team": "Man City"},
{"date": "13-08-2022", "home_team": "Man City", "score": "4 - 0", "away_team": "Bournemouth"},
{"date": "21-08-2022", "home_team": "Newcastle", "score": "3 - 3", "away_team": "Man City"},
{"date": "27-08-2022", "home_team": "Man City", "score": "4 - 2", "away_team": "Crystal Palace"},
{"date": "31-08-2022", "home_team": "Man City", "score": "6 - 0", "away_team": "Nott'm Forest"},
{"date": "03-09-2022", "home_team": "Aston Villa", "score": "1 - 1", "away_team": "Man City"},
{"date": "17-09-2022", "home_team": "Wolves", "score": "0 - 3", "away_team": "Man City"},
{"date": "02-10-2022", "home_team": "Man City", "score": "6 - 3", "away_team": "Man United"},
{"date": "08-10-2022", "home_team": "Man City", "score": "4 - 0", "away_team": "Southampton"},
{"date": "16-10-2022", "home_team": "Liverpool", "score": "1 - 0", "away_team": "Man City"},
{"date": "22-10-2022", "home_team": "Man City", "score": "3 - 1", "away_team": "Brighton"},
{"date": "29-10-2022", "home_team": "Leicester", "score": "0 - 1", "away_team": "Man City"},
{"date": "05-11-2022", "home_team": "Man City", "score": "2 - 1", "away_team": "Fulham"},
{"date": "12-11-2022", "home_team": "Man City", "score": "1 - 2", "away_team": "Brentford"},
{"date": "28-12-2022", "home_team": "Leeds", "score": "1 - 3", "away_team": "Man City"},
{"date": "31-12-2022", "home_team": "Man City", "score": "1 - 1", "away_team": "Everton"},
{"date": "05-01-2023", "home_team": "Chelsea", "score": "0 - 1", "away_team": "Man City"},
{"date": "14-01-2023", "home_team": "Man United", "score": "2 - 1", "away_team": "Man City"},
{"date": "19-01-2023", "home_team": "Man City", "score": "4 - 2", "away_team": "Tottenham"},
{"date": "22-01-2023", "home_team": "Man City", "score": "3 - 0", "away_team": "Wolves"},
{"date": "05-02-2023", "home_team": "Tottenham", "score": "1 - 0", "away_team": "Man City"},
{"date": "12-02-2023", "home_team": "Man City", "score": "3 - 1", "away_team": "Aston Villa"},
{"date": "15-02-2023", "home_team": "Arsenal", "score": "1 - 3", "away_team": "Man City"},
{"date": "18-02-2023", "home_team": "Nott'm Forest", "score": "1 - 1", "away_team": "Man City"},
{"date": "25-02-2023", "home_team": "Bournemouth", "score": "1 - 4", "away_team": "Man City"},
{"date": "04-03-2023", "home_team": "Man City", "score": "2 - 0", "away_team": "Newcastle"},
{"date": "11-03-2023", "home_team": "Crystal Palace", "score": "0 - 1", "away_team": "Man City"},
{"date": "01-04-2023", "home_team": "Man City", "score": "4 - 1", "away_team": "Liverpool"},
{"date": "08-04-2023", "home_team": "Southampton", "score": "1 - 4", "away_team": "Man City"},
{"date": "15-04-2023", "home_team": "Man City", "score": "3 - 1", "away_team": "Leicester"},
{"date": "26-04-2023", "home_team": "Man City", "score": "4 - 1", "away_team": "Arsenal"},
{"date": "30-04-2023", "home_team": "Fulham", "score": "1 - 2", "away_team": "Man City"},
{"date": "03-05-2023", "home_team": "Man City", "score": "3 - 0", "away_team": "West Ham"},
{"date": "06-05-2023", "home_team": "Man City", "score": "2 - 1", "away_team": "Leeds"},
{"date": "14-05-2023", "home_team": "Everton", "score": "0 - 3", "away_team": "Man City"},
{"date": "21-05-2023", "home_team": "Man City", "score": "1 - 0", "away_team": "Chelsea"},
{"date": "24-05-2023", "home_team": "Brighton", "score": "1 - 1", "away_team": "Man City"},
{"date": "28-05-2023", "home_team": "Brentford", "score": "1 - 0", "away_team": "Man City"},
{"date": "07-08-2022", "home_team": "Man United", "score": "1 - 2", "away_team": "Brighton"},
{"date": "13-08-2022", "home_team": "Brentford", "score": "4 - 0", "away_team": "Man United"},
{"date": "22-08-2022", "home_team": "Man United", "score": "2 - 1", "away_team": "Liverpool"},
{"date": "27-08-2022", "home_team": "Southampton", "score": "0 - 1", "away_team": "Man United"},
{"date": "01-09-2022", "home_team": "Leicester", "score": "0 - 1", "away_team": "Man United"},
{"date": "04-09-2022", "home_team": "Man United", "score": "3 - 1", "away_team": "Arsenal"},
{"date": "02-10-2022", "home_team": "Man City", "score": "6 - 3", "away_team": "Man United"},
{"date": "09-10-2022", "home_team": "Everton", "score": "1 - 2", "away_team": "Man United"},
{"date": "16-10-2022", "home_team": "Man United", "score": "0 - 0", "away_team": "Newcastle"},
{"date": "19-10-2022", "home_team": "Man United", "score": "2 - 0", "away_team": "Tottenham"},
{"date": "22-10-2022", "home_team": "Chelsea", "score": "1 - 1", "away_team": "Man United"},
{"date": "30-10-2022", "home_team": "Man United", "score": "1 - 0", "away_team": "West Ham"},
{"date": "06-11-2022", "home_team": "Aston Villa", "score": "3 - 1", "away_team": "Man United"},
{"date": "13-11-2022", "home_team": "Fulham", "score": "1 - 2", "away_team": "Man United"},
{"date": "27-12-2022", "home_team": "Man United", "score": "3 - 0", "away_team": "Nott'm Forest"},
{"date": "31-12-2022", "home_team": "Wolves", "score": "0 - 1", "away_team": "Man United"},
{"date": "03-01-2023", "home_team": "Man United", "score": "3 - 0", "away_team": "Bournemouth"},
{"date": "14-01-2023", "home_team": "Man United", "score": "2 - 1", "away_team": "Man City"},
{"date": "18-01-2023", "home_team": "Crystal Palace", "score": "1 - 1", "away_team": "Man United"},
{"date": "22-01-2023", "home_team": "Arsenal", "score": "3 - 2", "away_team": "Man United"},
{"date": "04-02-2023", "home_team": "Man United", "score": "2 - 1", "away_team": "Crystal Palace"},
{"date": "08-02-2023", "home_team": "Man United", "score": "2 - 2", "away_team": "Leeds"},
{"date": "12-02-2023", "home_team": "Leeds", "score": "0 - 2", "away_team": "Man United"},
{"date": "19-02-2023", "home_team": "Man United", "score": "3 - 0", "away_team": "Leicester"},
{"date": "05-03-2023", "home_team": "Liverpool", "score": "7 - 0", "away_team": "Man United"},
{"date": "12-03-2023", "home_team": "Man United", "score": "0 - 0", "away_team": "Southampton"},
{"date": "02-04-2023", "home_team": "Newcastle", "score": "2 - 0", "away_team": "Man United"},
{"date": "05-04-2023", "home_team": "Man United", "score": "1 - 0", "away_team": "Brentford"},
{"date": "08-04-2023", "home_team": "Man United", "score": "2 - 0", "away_team": "Everton"},
{"date": "16-04-2023", "home_team": "Nott'm Forest", "score": "0 - 2", "away_team": "Man United"},
{"date": "27-04-2023", "home_team": "Tottenham", "score": "2 - 2", "away_team": "Man United"},
{"date": "30-04-2023", "home_team": "Man United", "score": "1 - 0", "away_team": "Aston Villa"},
{"date": "04-05-2023", "home_team": "Brighton", "score": "1 - 0", "away_team": "Man United"},
{"date": "07-05-2023", "home_team": "West Ham", "score": "1 - 0", "away_team": "Man United"},
{"date": "13-05-2023", "home_team": "Man United", "score": "2 - 0", "away_team": "Wolves"},
{"date": "20-05-2023", "home_team": "Bournemouth", "score": "0 - 1", "away_team": "Man United"},
{"date": "25-05-2023", "home_team": "Man United", "score": "4 - 1", "away_team": "Chelsea"},
{"date": "28-05-2023", "home_team": "Man United", "score": "2 - 1", "away_team": "Fulham"},
{"date": "06-08-2022", "home_team": "Newcastle", "score": "2 - 0", "away_team": "Nott'm Forest"},
{"date": "13-08-2022", "home_team": "Brighton", "score": "0 - 0", "away_team": "Newcastle"},
{"date": "21-08-2022", "home_team": "Newcastle", "score": "3 - 3", "away_team": "Man City"},
{"date": "28-08-2022", "home_team": "Wolves", "score": "1 - 1", "away_team": "Newcastle"},
{"date": "31-08-2022", "home_team": "Liverpool", "score": "2 - 1", "away_team": "Newcastle"},
{"date": "03-09-2022", "home_team": "Newcastle", "score": "0 - 0", "away_team": "Crystal Palace"},
{"date": "17-09-2022", "home_team": "Newcastle", "score": "1 - 1", "away_team": "Bournemouth"},
{"date": "01-10-2022", "home_team": "Fulham", "score": "1 - 4", "away_team": "Newcastle"},
{"date": "08-10-2022", "home_team": "Newcastle", "score": "5 - 1", "away_team": "Brentford"},
{"date": "16-10-2022", "home_team": "Man United", "score": "0 - 0", "away_team": "Newcastle"},
{"date": "19-10-2022", "home_team": "Newcastle", "score": "1 - 0", "away_team": "Everton"},
{"date": "23-10-2022", "home_team": "Tottenham", "score": "1 - 2", "away_team": "Newcastle"},
{"date": "29-10-2022", "home_team": "Newcastle", "score": "4 - 0", "away_team": "Aston Villa"},
{"date": "06-11-2022", "home_team": "Southampton", "score": "1 - 4", "away_team": "Newcastle"},
{"date": "12-11-2022", "home_team": "Newcastle", "score": "1 - 0", "away_team": "Chelsea"},
{"date": "26-12-2022", "home_team": "Leicester", "score": "0 - 3", "away_team": "Newcastle"},
{"date": "31-12-2022", "home_team": "Newcastle", "score": "0 - 0", "away_team": "Leeds"},
{"date": "03-01-2023", "home_team": "Arsenal", "score": "0 - 0", "away_team": "Newcastle"},
{"date": "15-01-2023", "home_team": "Newcastle", "score": "1 - 0", "away_team": "Fulham"},
{"date": "21-01-2023", "home_team": "Crystal Palace", "score": "0 - 0", "away_team": "Newcastle"},
{"date": "04-02-2023", "home_team": "Newcastle", "score": "1 - 1", "away_team": "West Ham"},
{"date": "11-02-2023", "home_team": "Bournemouth", "score": "1 - 1", "away_team": "Newcastle"},
{"date": "18-02-2023", "home_team": "Newcastle", "score": "0 - 2", "away_team": "Liverpool"},
{"date": "04-03-2023", "home_team": "Man City", "score": "2 - 0", "away_team": "Newcastle"},
{"date": "12-03-2023", "home_team": "Newcastle", "score": "2 - 1", "away_team": "Wolves"},
{"date": "17-03-2023", "home_team": "Nott'm Forest", "score": "1 - 2", "away_team": "Newcastle"},
{"date": "02-04-2023", "home_team": "Newcastle", "score": "2 - 0", "away_team": "Man United"},
{"date": "05-04-2023", "home_team": "West Ham", "score": "1 - 5", "away_team": "Newcastle"},
{"date": "08-04-2023", "home_team": "Brentford", "score": "1 - 2", "away_team": "Newcastle"},
{"date": "15-04-2023", "home_team": "Aston Villa", "score": "3 - 0", "away_team": "Newcastle"},
{"date": "23-04-2023", "home_team": "Newcastle", "score": "6 - 1", "away_team": "Tottenham"},
{"date": "27-04-2023", "home_team": "Everton", "score": "1 - 4", "away_team": "Newcastle"},
{"date": "30-04-2023", "home_team": "Newcastle", "score": "3 - 1", "away_team": "Southampton"},
{"date": "07-05-2023", "home_team": "Newcastle", "score": "0 - 2", "away_team": "Arsenal"},
{"date": "13-05-2023", "home_team": "Leeds", "score": "2 - 2", "away_team": "Newcastle"},
{"date": "18-05-2023", "home_team": "Newcastle", "score": "4 - 1", "away_team": "Brighton"},
{"date": "22-05-2023", "home_team": "Newcastle", "score": "0 - 0", "away_team": "Leicester"},
{"date": "28-05-2023", "home_team": "Chelsea", "score": "1 - 1", "away_team": "Newcastle"},
{"date": "06-08-2022", "home_team": "Newcastle", "score": "2 - 0", "away_team": "Nott'm Forest"},
{"date": "14-08-2022", "home_team": "Nott'm Forest", "score": "1 - 0", "away_team": "West Ham"},
{"date": "20-08-2022", "home_team": "Everton", "score": "1 - 1", "away_team": "Nott'm Forest"},
{"date": "28-08-2022", "home_team": "Nott'm Forest", "score": "0 - 2", "away_team": "Tottenham"},
{"date": "31-08-2022", "home_team": "Man City", "score": "6 - 0", "away_team": "Nott'm Forest"},
{"date": "03-09-2022", "home_team": "Nott'm Forest", "score": "2 - 3", "away_team": "Bournemouth"},
{"date": "16-09-2022", "home_team": "Nott'm Forest", "score": "2 - 3", "away_team": "Fulham"},
{"date": "03-10-2022", "home_team": "Leicester", "score": "4 - 0", "away_team": "Nott'm Forest"},
{"date": "10-10-2022", "home_team": "Nott'm Forest", "score": "1 - 1", "away_team": "Aston Villa"},
{"date": "15-10-2022", "home_team": "Wolves", "score": "1 - 0", "away_team": "Nott'm Forest"},
{"date": "18-10-2022", "home_team": "Brighton", "score": "0 - 0", "away_team": "Nott'm Forest"},
{"date": "22-10-2022", "home_team": "Nott'm Forest", "score": "1 - 0", "away_team": "Liverpool"},
{"date": "30-10-2022", "home_team": "Arsenal", "score": "5 - 0", "away_team": "Nott'm Forest"},
{"date": "05-11-2022", "home_team": "Nott'm Forest", "score": "2 - 2", "away_team": "Brentford"},
{"date": "12-11-2022", "home_team": "Nott'm Forest", "score": "1 - 0", "away_team": "Crystal Palace"},
{"date": "27-12-2022", "home_team": "Man United", "score": "3 - 0", "away_team": "Nott'm Forest"},
{"date": "01-01-2023", "home_team": "Nott'm Forest", "score": "1 - 1", "away_team": "Chelsea"},
{"date": "04-01-2023", "home_team": "Southampton", "score": "0 - 1", "away_team": "Nott'm Forest"},
{"date": "14-01-2023", "home_team": "Nott'm Forest", "score": "2 - 0", "away_team": "Leicester"},
{"date": "21-01-2023", "home_team": "Bournemouth", "score": "1 - 1", "away_team": "Nott'm Forest"},
{"date": "05-02-2023", "home_team": "Nott'm Forest", "score": "1 - 0", "away_team": "Leeds"},
{"date": "11-02-2023", "home_team": "Fulham", "score": "2 - 0", "away_team": "Nott'm Forest"},
{"date": "18-02-2023", "home_team": "Nott'm Forest", "score": "1 - 1", "away_team": "Man City"},
{"date": "25-02-2023", "home_team": "West Ham", "score": "4 - 0", "away_team": "Nott'm Forest"},
{"date": "05-03-2023", "home_team": "Nott'm Forest", "score": "2 - 2", "away_team": "Everton"},
{"date": "11-03-2023", "home_team": "Tottenham", "score": "3 - 1", "away_team": "Nott'm Forest"},
{"date": "17-03-2023", "home_team": "Nott'm Forest", "score": "1 - 2", "away_team": "Newcastle"},
{"date": "01-04-2023", "home_team": "Nott'm Forest", "score": "1 - 1", "away_team": "Wolves"},
{"date": "04-04-2023", "home_team": "Leeds", "score": "2 - 1", "away_team": "Nott'm Forest"},
{"date": "08-04-2023", "home_team": "Aston Villa", "score": "2 - 0", "away_team": "Nott'm Forest"},
{"date": "16-04-2023", "home_team": "Nott'm Forest", "score": "0 - 2", "away_team": "Man United"},
{"date": "22-04-2023", "home_team": "Liverpool", "score": "3 - 2", "away_team": "Nott'm Forest"},
{"date": "26-04-2023", "home_team": "Nott'm Forest", "score": "3 - 1", "away_team": "Brighton"},
{"date": "29-04-2023", "home_team": "Brentford", "score": "2 - 1", "away_team": "Nott'm Forest"},
{"date": "08-05-2023", "home_team": "Nott'm Forest", "score": "4 - 3", "away_team": "Southampton"},
{"date": "13-05-2023", "home_team": "Chelsea", "score": "2 - 2", "away_team": "Nott'm Forest"},
{"date": "20-05-2023", "home_team": "Nott'm Forest", "score": "1 - 0", "away_team": "Arsenal"},
{"date": "28-05-2023", "home_team": "Crystal Palace", "score": "1 - 1", "away_team": "Nott'm Forest"},
{"date": "06-08-2022", "home_team": "Tottenham", "score": "4 - 1", "away_team": "Southampton"},
{"date": "13-08-2022", "home_team": "Southampton", "score": "2 - 2", "away_team": "Leeds"},
{"date": "20-08-2022", "home_team": "Leicester", "score": "1 - 2", "away_team": "Southampton"},
{"date": "27-08-2022", "home_team": "Southampton", "score": "0 - 1", "away_team": "Man United"},
{"date": "30-08-2022", "home_team": "Southampton", "score": "2 - 1", "away_team": "Chelsea"},
{"date": "03-09-2022", "home_team": "Wolves", "score": "1 - 0", "away_team": "Southampton"},
{"date": "16-09-2022", "home_team": "Aston Villa", "score": "1 - 0", "away_team": "Southampton"},
{"date": "01-10-2022", "home_team": "Southampton", "score": "1 - 2", "away_team": "Everton"},
{"date": "08-10-2022", "home_team": "Man City", "score": "4 - 0", "away_team": "Southampton"},
{"date": "16-10-2022", "home_team": "Southampton", "score": "1 - 1", "away_team": "West Ham"},
{"date": "19-10-2022", "home_team": "Bournemouth", "score": "0 - 1", "away_team": "Southampton"},
{"date": "23-10-2022", "home_team": "Southampton", "score": "1 - 1", "away_team": "Arsenal"},
{"date": "29-10-2022", "home_team": "Crystal Palace", "score": "1 - 0", "away_team": "Southampton"},
{"date": "06-11-2022", "home_team": "Southampton", "score": "1 - 4", "away_team": "Newcastle"},
{"date": "12-11-2022", "home_team": "Liverpool", "score": "3 - 1", "away_team": "Southampton"},
{"date": "26-12-2022", "home_team": "Southampton", "score": "1 - 3", "away_team": "Brighton"},
{"date": "31-12-2022", "home_team": "Fulham", "score": "2 - 1", "away_team": "Southampton"},
{"date": "04-01-2023", "home_team": "Southampton", "score": "0 - 1", "away_team": "Nott'm Forest"},
{"date": "14-01-2023", "home_team": "Everton", "score": "1 - 2", "away_team": "Southampton"},
{"date": "21-01-2023", "home_team": "Southampton", "score": "0 - 1", "away_team": "Aston Villa"},
{"date": "04-02-2023", "home_team": "Brentford", "score": "3 - 0", "away_team": "Southampton"},
{"date": "11-02-2023", "home_team": "Southampton", "score": "1 - 2", "away_team": "Wolves"},
{"date": "18-02-2023", "home_team": "Chelsea", "score": "0 - 1", "away_team": "Southampton"},
{"date": "25-02-2023", "home_team": "Leeds", "score": "1 - 0", "away_team": "Southampton"},
{"date": "04-03-2023", "home_team": "Southampton", "score": "1 - 0", "away_team": "Leicester"},
{"date": "12-03-2023", "home_team": "Man United", "score": "0 - 0", "away_team": "Southampton"},
{"date": "15-03-2023", "home_team": "Southampton", "score": "0 - 2", "away_team": "Brentford"},
{"date": "18-03-2023", "home_team": "Southampton", "score": "3 - 3", "away_team": "Tottenham"},
{"date": "02-04-2023", "home_team": "West Ham", "score": "1 - 0", "away_team": "Southampton"},
{"date": "08-04-2023", "home_team": "Southampton", "score": "1 - 4", "away_team": "Man City"},
{"date": "15-04-2023", "home_team": "Southampton", "score": "0 - 2", "away_team": "Crystal Palace"},
{"date": "21-04-2023", "home_team": "Arsenal", "score": "3 - 3", "away_team": "Southampton"},
{"date": "27-04-2023", "home_team": "Southampton", "score": "0 - 1", "away_team": "Bournemouth"},
{"date": "30-04-2023", "home_team": "Newcastle", "score": "3 - 1", "away_team": "Southampton"},
{"date": "08-05-2023", "home_team": "Nott'm Forest", "score": "4 - 3", "away_team": "Southampton"},
{"date": "13-05-2023", "home_team": "Southampton", "score": "0 - 2", "away_team": "Fulham"},
{"date": "21-05-2023", "home_team": "Brighton", "score": "3 - 1", "away_team": "Southampton"},
{"date": "28-05-2023", "home_team": "Southampton", "score": "4 - 4", "away_team": "Liverpool"},
{"date": "06-08-2022", "home_team": "Tottenham", "score": "4 - 1", "away_team": "Southampton"},
{"date": "14-08-2022", "home_team": "Chelsea", "score": "2 - 2", "away_team": "Tottenham"},
{"date": "20-08-2022", "home_team": "Tottenham", "score": "1 - 0", "away_team": "Wolves"},
{"date": "28-08-2022", "home_team": "Nott'm Forest", "score": "0 - 2", "away_team": "Tottenham"},
{"date": "31-08-2022", "home_team": "West Ham", "score": "1 - 1", "away_team": "Tottenham"},
{"date": "03-09-2022", "home_team": "Tottenham", "score": "2 - 1", "away_team": "Fulham"},
{"date": "17-09-2022", "home_team": "Tottenham", "score": "6 - 2", "away_team": "Leicester"},
{"date": "01-10-2022", "home_team": "Arsenal", "score": "3 - 1", "away_team": "Tottenham"},
{"date": "08-10-2022", "home_team": "Brighton", "score": "0 - 1", "away_team": "Tottenham"},
{"date": "15-10-2022", "home_team": "Tottenham", "score": "2 - 0", "away_team": "Everton"},
{"date": "19-10-2022", "home_team": "Man United", "score": "2 - 0", "away_team": "Tottenham"},
{"date": "23-10-2022", "home_team": "Tottenham", "score": "1 - 2", "away_team": "Newcastle"},
{"date": "29-10-2022", "home_team": "Bournemouth", "score": "2 - 3", "away_team": "Tottenham"},
{"date": "06-11-2022", "home_team": "Tottenham", "score": "1 - 2", "away_team": "Liverpool"},
{"date": "12-11-2022", "home_team": "Tottenham", "score": "4 - 3", "away_team": "Leeds"},
{"date": "26-12-2022", "home_team": "Brentford", "score": "2 - 2", "away_team": "Tottenham"},
{"date": "01-01-2023", "home_team": "Tottenham", "score": "0 - 2", "away_team": "Aston Villa"},
{"date": "04-01-2023", "home_team": "Crystal Palace", "score": "0 - 4", "away_team": "Tottenham"},
{"date": "15-01-2023", "home_team": "Tottenham", "score": "0 - 2", "away_team": "Arsenal"},
{"date": "19-01-2023", "home_team": "Man City", "score": "4 - 2", "away_team": "Tottenham"},
{"date": "23-01-2023", "home_team": "Fulham", "score": "0 - 1", "away_team": "Tottenham"},
{"date": "05-02-2023", "home_team": "Tottenham", "score": "1 - 0", "away_team": "Man City"},
{"date": "11-02-2023", "home_team": "Leicester", "score": "4 - 1", "away_team": "Tottenham"},
{"date": "19-02-2023", "home_team": "Tottenham", "score": "2 - 0", "away_team": "West Ham"},
{"date": "26-02-2023", "home_team": "Tottenham", "score": "2 - 0", "away_team": "Chelsea"},
{"date": "04-03-2023", "home_team": "Wolves", "score": "1 - 0", "away_team": "Tottenham"},
{"date": "11-03-2023", "home_team": "Tottenham", "score": "3 - 1", "away_team": "Nott'm Forest"},
{"date": "18-03-2023", "home_team": "Southampton", "score": "3 - 3", "away_team": "Tottenham"},
{"date": "03-04-2023", "home_team": "Everton", "score": "1 - 1", "away_team": "Tottenham"},
{"date": "08-04-2023", "home_team": "Tottenham", "score": "2 - 1", "away_team": "Brighton"},
{"date": "15-04-2023", "home_team": "Tottenham", "score": "2 - 3", "away_team": "Bournemouth"},
{"date": "23-04-2023", "home_team": "Newcastle", "score": "6 - 1", "away_team": "Tottenham"},
{"date": "27-04-2023", "home_team": "Tottenham", "score": "2 - 2", "away_team": "Man United"},
{"date": "30-04-2023", "home_team": "Liverpool", "score": "4 - 3", "away_team": "Tottenham"},
{"date": "06-05-2023", "home_team": "Tottenham", "score": "1 - 0", "away_team": "Crystal Palace"},
{"date": "13-05-2023", "home_team": "Aston Villa", "score": "2 - 1", "away_team": "Tottenham"},
{"date": "20-05-2023", "home_team": "Tottenham", "score": "1 - 3", "away_team": "Brentford"},
{"date": "28-05-2023", "home_team": "Leeds", "score": "1 - 4", "away_team": "Tottenham"},
{"date": "07-08-2022", "home_team": "West Ham", "score": "0 - 2", "away_team": "Man City"},
{"date": "14-08-2022", "home_team": "Nott'm Forest", "score": "1 - 0", "away_team": "West Ham"},
{"date": "21-08-2022", "home_team": "West Ham", "score": "0 - 2", "away_team": "Brighton"},
{"date": "28-08-2022", "home_team": "Aston Villa", "score": "0 - 1", "away_team": "West Ham"},
{"date": "31-08-2022", "home_team": "West Ham", "score": "1 - 1", "away_team": "Tottenham"},
{"date": "03-09-2022", "home_team": "Chelsea", "score": "2 - 1", "away_team": "West Ham"},
{"date": "18-09-2022", "home_team": "Everton", "score": "1 - 0", "away_team": "West Ham"},
{"date": "01-10-2022", "home_team": "West Ham", "score": "2 - 0", "away_team": "Wolves"},
{"date": "09-10-2022", "home_team": "West Ham", "score": "3 - 1", "away_team": "Fulham"},
{"date": "16-10-2022", "home_team": "Southampton", "score": "1 - 1", "away_team": "West Ham"},
{"date": "19-10-2022", "home_team": "Liverpool", "score": "1 - 0", "away_team": "West Ham"},
{"date": "24-10-2022", "home_team": "West Ham", "score": "2 - 0", "away_team": "Bournemouth"},
{"date": "30-10-2022", "home_team": "Man United", "score": "1 - 0", "away_team": "West Ham"},
{"date": "06-11-2022", "home_team": "West Ham", "score": "1 - 2", "away_team": "Crystal Palace"},
{"date": "12-11-2022", "home_team": "West Ham", "score": "0 - 2", "away_team": "Leicester"},
{"date": "26-12-2022", "home_team": "Arsenal", "score": "3 - 1", "away_team": "West Ham"},
{"date": "30-12-2022", "home_team": "West Ham", "score": "0 - 2", "away_team": "Brentford"},
{"date": "04-01-2023", "home_team": "Leeds", "score": "2 - 2", "away_team": "West Ham"},
{"date": "14-01-2023", "home_team": "Wolves", "score": "1 - 0", "away_team": "West Ham"},
{"date": "21-01-2023", "home_team": "West Ham", "score": "2 - 0", "away_team": "Everton"},
{"date": "04-02-2023", "home_team": "Newcastle", "score": "1 - 1", "away_team": "West Ham"},
{"date": "11-02-2023", "home_team": "West Ham", "score": "1 - 1", "away_team": "Chelsea"},
{"date": "19-02-2023", "home_team": "Tottenham", "score": "2 - 0", "away_team": "West Ham"},
{"date": "25-02-2023", "home_team": "West Ham", "score": "4 - 0", "away_team": "Nott'm Forest"},
{"date": "04-03-2023", "home_team": "Brighton", "score": "4 - 0", "away_team": "West Ham"},
{"date": "12-03-2023", "home_team": "West Ham", "score": "1 - 1", "away_team": "Aston Villa"},
{"date": "02-04-2023", "home_team": "West Ham", "score": "1 - 0", "away_team": "Southampton"},
{"date": "05-04-2023", "home_team": "West Ham", "score": "1 - 5", "away_team": "Newcastle"},
{"date": "08-04-2023", "home_team": "Fulham", "score": "0 - 1", "away_team": "West Ham"},
{"date": "16-04-2023", "home_team": "West Ham", "score": "2 - 2", "away_team": "Arsenal"},
{"date": "23-04-2023", "home_team": "Bournemouth", "score": "0 - 4", "away_team": "West Ham"},
{"date": "26-04-2023", "home_team": "West Ham", "score": "1 - 2", "away_team": "Liverpool"},
{"date": "29-04-2023", "home_team": "Crystal Palace", "score": "4 - 3", "away_team": "West Ham"},
{"date": "03-05-2023", "home_team": "Man City", "score": "3 - 0", "away_team": "West Ham"},
{"date": "07-05-2023", "home_team": "West Ham", "score": "1 - 0", "away_team": "Man United"},
{"date": "14-05-2023", "home_team": "Brentford", "score": "2 - 0", "away_team": "West Ham"},
{"date": "21-05-2023", "home_team": "West Ham", "score": "3 - 1", "away_team": "Leeds"},
{"date": "28-05-2023", "home_team": "Leicester", "score": "2 - 1", "away_team": "West Ham"},
{"date": "06-08-2022", "home_team": "Leeds", "score": "2 - 1", "away_team": "Wolves"},
{"date": "13-08-2022", "home_team": "Wolves", "score": "0 - 0", "away_team": "Fulham"},
{"date": "20-08-2022", "home_team": "Tottenham", "score": "1 - 0", "away_team": "Wolves"},
{"date": "28-08-2022", "home_team": "Wolves", "score": "1 - 1", "away_team": "Newcastle"},
{"date": "31-08-2022", "home_team": "Bournemouth", "score": "0 - 0", "away_team": "Wolves"},
{"date": "03-09-2022", "home_team": "Wolves", "score": "1 - 0", "away_team": "Southampton"},
{"date": "17-09-2022", "home_team": "Wolves", "score": "0 - 3", "away_team": "Man City"},
{"date": "01-10-2022", "home_team": "West Ham", "score": "2 - 0", "away_team": "Wolves"},
{"date": "08-10-2022", "home_team": "Chelsea", "score": "3 - 0", "away_team": "Wolves"},
{"date": "15-10-2022", "home_team": "Wolves", "score": "1 - 0", "away_team": "Nott'm Forest"},
{"date": "18-10-2022", "home_team": "Crystal Palace", "score": "2 - 1", "away_team": "Wolves"},
{"date": "23-10-2022", "home_team": "Wolves", "score": "0 - 4", "away_team": "Leicester"},
{"date": "29-10-2022", "home_team": "Brentford", "score": "1 - 1", "away_team": "Wolves"},
{"date": "05-11-2022", "home_team": "Wolves", "score": "2 - 3", "away_team": "Brighton"},
{"date": "12-11-2022", "home_team": "Wolves", "score": "0 - 2", "away_team": "Arsenal"},
{"date": "26-12-2022", "home_team": "Everton", "score": "1 - 2", "away_team": "Wolves"},
{"date": "31-12-2022", "home_team": "Wolves", "score": "0 - 1", "away_team": "Man United"},
{"date": "04-01-2023", "home_team": "Aston Villa", "score": "1 - 1", "away_team": "Wolves"},
{"date": "14-01-2023", "home_team": "Wolves", "score": "1 - 0", "away_team": "West Ham"},
{"date": "22-01-2023", "home_team": "Man City", "score": "3 - 0", "away_team": "Wolves"},
{"date": "04-02-2023", "home_team": "Wolves", "score": "3 - 0", "away_team": "Liverpool"},
{"date": "11-02-2023", "home_team": "Southampton", "score": "1 - 2", "away_team": "Wolves"},
{"date": "18-02-2023", "home_team": "Wolves", "score": "0 - 1", "away_team": "Bournemouth"},
{"date": "24-02-2023", "home_team": "Fulham", "score": "1 - 1", "away_team": "Wolves"},
{"date": "01-03-2023", "home_team": "Liverpool", "score": "2 - 0", "away_team": "Wolves"},
{"date": "04-03-2023", "home_team": "Wolves", "score": "1 - 0", "away_team": "Tottenham"},
{"date": "12-03-2023", "home_team": "Newcastle", "score": "2 - 1", "away_team": "Wolves"},
{"date": "18-03-2023", "home_team": "Wolves", "score": "2 - 4", "away_team": "Leeds"},
{"date": "01-04-2023", "home_team": "Nott'm Forest", "score": "1 - 1", "away_team": "Wolves"},
{"date": "08-04-2023", "home_team": "Wolves", "score": "1 - 0", "away_team": "Chelsea"},
{"date": "15-04-2023", "home_team": "Wolves", "score": "2 - 0", "away_team": "Brentford"},
{"date": "22-04-2023", "home_team": "Leicester", "score": "2 - 1", "away_team": "Wolves"},
{"date": "25-04-2023", "home_team": "Wolves", "score": "2 - 0", "away_team": "Crystal Palace"},
{"date": "29-04-2023", "home_team": "Brighton", "score": "6 - 0", "away_team": "Wolves"},
{"date": "06-05-2023", "home_team": "Wolves", "score": "1 - 0", "away_team": "Aston Villa"},
{"date": "13-05-2023", "home_team": "Man United", "score": "2 - 0", "away_team": "Wolves"},
{"date": "20-05-2023", "home_team": "Wolves", "score": "1 - 1", "away_team": "Everton"},
{"date": "28-05-2023", "home_team": "Arsenal", "score": "5 - 0", "away_team": "Wolves"}
]